<?xml version="1.0" encoding="UTF-8" standalone="yes"?>
<addon id="plugin.program.gravitycleaner" name="[COLOR blue]Gravity Cleaner[/COLOR]" version="1.0" provider-name="Gravity Builds">  
  <requires>
    <import addon="xbmc.python" version="2.1.0"/>
  </requires>
  <extension point="xbmc.python.pluginsource" library="default.py">
        <provides>executable</provides>
  </extension>
  <extension point="xbmc.addon.metadata">
    <summary lang="en">Maintenance Build Cleaner</summary>
    <description lang="en"></description>
    <platform>all</platform>
  </extension>
</addon>
