<?xml version="1.0" encoding="UTF-8" standalone="yes"?>
<addon id="plugin.program.gravitywizard" name="Gravity Wizard" version="4.0" provider-name="Gravity">
  <requires>
    <import addon="xbmc.python" version="2.1.0"/>
  </requires>
  <extension point="xbmc.python.pluginsource" library="default.py">
    <provides>executable</provides>
  </extension>
  <extension point="xbmc.service" library="startup.py" start="startup" />
  <extension point="xbmc.addon.metadata">
    <summary lang="en">Gravity</summary>
    <description lang="en">Install and update gravity builds</description>
    <platform>all</platform>
  </extension>
</addon>
